<?xml version="1.0" encoding="UTF-8"?>
<beans xmlns="http://www.springframework.org/schema/beans"
	xmlns:xsi="http://www.w3.org/2001/XMLSchema-instance"
	xmlns:context="http://www.springframework.org/schema/context"
	xmlns:mvc="http://www.springframework.org/schema/mvc"
	xmlns:sec="http://www.springframework.org/schema/security"
	xmlns:beans="http://www.springframework.org/schema/beans"
	xsi:schemaLocation="
        http://www.springframework.org/schema/beans
        http://www.springframework.org/schema/beans/spring-beans.xsd
		http://www.springframework.org/schema/context
        http://www.springframework.org/schema/context/spring-context.xsd
		http://www.springframework.org/schema/mvc
        http://www.springframework.org/schema/mvc/spring-mvc.xsd
        http://www.springframework.org/schema/security
        http://www.springframework.org/schema/security/spring-security.xsd">    

  <sec:http>
    <sec:intercept-url method="GET" pattern="/login" access="permitAll()" />
    <sec:intercept-url method="GET" pattern="/view/login.jsp" access="permitAll()" />
	<sec:intercept-url method="GET" pattern="/auth" access="permitAll()" />
	<sec:intercept-url method="POST" pattern="/auth" access="permitAll()" />
	<sec:intercept-url pattern="/**" access="isAuthenticated()" />
	

    <sec:form-login
    	login-page="/login"
    	default-target-url="/view/userTop.jsp"
    	login-processing-url="/auth"
    	authentication-failure-url="/view/error.jsp"/>
    <sec:logout logout-url="/logout" logout-success-url="/top.jsp"/>
    <sec:access-denied-handler error-page="/accessDenied.jsp"/>
	
    <sec:csrf />
  </sec:http>

  <sec:authentication-manager>
	<sec:authentication-provider user-service-ref="myUserDetailsService">
		<sec:password-encoder hash="plaintext" />
	</sec:authentication-provider>
  </sec:authentication-manager>     

 <beans:bean id="myUserDetailsService" class="sample.service.LoginServiceImpl"/>

 </beans>